{
	"id": "51329dd4-9e89-48e5-9377-9a0353f050d0",
	"name": "hule",
	"values": [
		{
			"key": "baseUrl",
			"value": "http://localhost:8000/api",
			"type": "default",
			"enabled": true
		},
		{
			"key": "authToken",
			"value": "",
			"type": "any",
			"enabled": true
		},
		{
			"key": "shiftId",
			"value": "",
			"type": "any",
			"enabled": true
		},
		{
			"key": "name",
			"value": "James Doe",
			"type": "any",
			"enabled": true
		},
		{
			"key": "email",
			"value": "james@example.com",
			"type": "any",
			"enabled": true
		},
		{
			"key": "pass",
			"value": "StrongPass1234!",
			"type": "any",
			"enabled": true
		},
		{
			"key": "encryptedPass",
			"value": "",
			"type": "any",
			"enabled": true
		},
		{
			"key": "userId",
			"value": "",
			"type": "any",
			"enabled": true
		},
		{
			"key": "shiftIds",
			"value": "",
			"type": "any",
			"enabled": true
		}
	],
	"_postman_variable_scope": "environment",
	"_postman_exported_at": "2025-05-28T22:16:25.191Z",
	"_postman_exported_using": "Postman/10.24.27"
}